6.19987808317407E+17,positive,"A portion of book sales from our Harper Lee/Go Set a Watchman release party on Mon. 7/13 will support @CAP_Tulsa and the great work they do."
6.19994586182619E+17,positive,"Excited to read ""Go Set a Watchman"" on Tuesday.  But can it possibly live up to ""To Kill a Mockingbird?""  Any opinions?"
6.19998879447163E+17,positive,"Watching Miss USA tomorrow JUST to see @TravisGarland perform, I'm obsessed with his voice"
6.20013074272137E+17,positive,"Call for reservations for lunch or dinner tomorrow (yep Sunday!). Happy to accommodate guests in town for the MISS USA Pageant 346-5100"
6.20027768131203E+17,positive,"Tomorrow 51beautiful women from all over the USA come together to compete for one crown and one title of Miss USA... http://t.co/b8lFE7naZS"
6.20045849373094E+17,positive,"I want it to be tomorrow so I can watch miss USA"
6.20056364149309E+17,positive,"(1/2) Judge me if you want but Ima make sure I don't miss the Miss USA pageant tomorrow . There's nothing like watching beautiful women..."
6.20056577341563E+17,positive,"Good vibes to @Rashontae @RealMissMIusa as she competes for Miss USA 2015 tomorrow July 12th in Baton Rouge!  https://t.co/iSMqFrKQtC"
6.20063502682599E+17,positive,"No. It's okay. You can go attend Miss USA! Trust me, you should DEFINITELY attend Miss USA. https://t.co/CWuf7ZIJII"
6.20073648255169E+17,positive,"Tune into Reelz tomorrow at 7pm CT to support Alpha Mu's Rebecca Dunn in the Miss USA pageant. Go Becca! We love you! http://t.co/3WFtwMOPEq"
6.20080951708652E+17,positive,"Be sure to watch Miss USA tomorrow night at 8pm ET on the Reelz Channel! I can not wait to see which beautiful... http://t.co/1I6LMrEFiJ"
6.20125231164715E+17,positive,"Sun setting on the Columbia river while the Zac Brown Band wails out Homegrown!#theshit http://t.co/EfHwVT56mj"
6.20156193026253E+17,positive,"This is soooo good! Sunday Jam ""@LucyRoseMusic covers Taylor Swift's Bad Blood in the Live Lounge"" https://t.co/aNRI5T5Wdq"
6.20166981614969E+17,positive,"Just two days to go until the publishing event of the decade! Go Set a Watchman is out on Tuesday and you can... http://t.co/B2mSe5ECfE"
6.20173983179231E+17,positive,"At last, evidence that George Osborne's drive to make work more attractive that benefits is working. #makeworkpay https://t.co/M8Nrr4DSX3"
6.20237663170228E+17,positive,"We're on our way to Hoover, AL for SEC Media Days tomorrow, but tonight, we'll be cheering on @BrookeFletcher in the Miss USA pageant!"
6.20267832614519E+17,positive,"@tifftiffannie haha 8th - 11th grade was strong with the Kpop. We're always in sync lol"
6.20302439456092E+17,positive,"Go Set a Watchman comes out Tuesday and I'm really excited for it"
6.20325254259429E+17,positive,"Happy Sunday! Back at the River Center for Miss USA!  It's going to be an interesting night. Who is watching the big show?"
6.20328475325379E+17,positive,"What I like about Ryan Braun making all star game is hearing all the hatred for him.  Assures me he may be a Brewer for life.  I like that!"
6.20344813552951E+17,positive,"Officially Miss Denton USA and officially so excited for Miss USA tonight and for September to come already! http://t.co/0YKeHN4Bz3"
6.20365530017473E+17,positive,"I'm about to eat four hot dogs and watch Miss USA. Happy Sunday."
6.20377309825135E+17,positive,"This is a Harper worth looking forward to. Go Set a Watchman's 1st chapter stuns fans with bombshell plot twist http://t.co/KCBLbn3EXj"
6.20381355117908E+17,positive,"3rd annual Miss USA pageant with wings night for me. #lifegoals"
6.20383113571619E+17,positive,"Time for Miss USA!!! Go @RealMissTNUSA !!!! Titans fans she cheers for your team on the sidelines every Sunday... time to cheer for her now!"
6.20398950533632E+17,positive,"Miss USA featuring all the 1st generation Americans and multicultural women is great."
6.20414827547066E+17,positive,"Can't decide if I'm more pumped about the crowning of a new Miss USA tonight or the All-Star game on Tuesday"
6.20416297382253E+17,positive,"The Miss USA pageant was tonight so that means there will be a lot more girls at the gym tomorrow"
6.20422456474386E+17,positive,"@mikemckinnon @CCJsask agreed, especially Friday night! I love Zac Brown Band and it will be the first time I see them live (:"
6.20423046109598E+17,positive,"This may be about Miss America and not Miss USA, but John Oliver is always relevant/great/perfect/hilarious.  http://t.co/Bg8naStu66"
6.20428030188589E+17,positive,"Be on the look out for my Miss USA 2015 recap tomorrow! Hear about my favorite gowns, swimsuit bods, and... http://t.co/rfX7QmvNEk"
6.20428713365078E+17,positive,"Ylianna Guerra Miss Texas USA won 1st runner up at Miss USA. So proud to say she comes from the Valley and made it this far!"
6.20435978201633E+17,positive,"we want the 9th crown for USA and especially enjoys every moment you lived as Miss USA."
6.20436097537978E+17,positive,"Cranking Iron Maiden tomorrow when I head to work. If you are going the speed limit, get out of my way."
6.20437207581495E+17,positive,"Olivia Jordan - only the 2nd woman in history to win BOTH titles - Miss World -United States and Miss USA.  She... http://t.co/Ddlb60TsH9"
6.20438731992863E+17,positive,"Well it's great to see a wonderful woman from McAllen get 1st Runner Up in the Miss USA Pageant"
6.20449927492059E+17,positive,"Congratulations to Miss USA 1st runner up @RealMissTXUSA. You've made #McAllen and the #RGV very proud! #MissUSA"
6.20451697475719E+17,positive,"The Miss USA questions portion may be the funniest thing I have ever seen"
6.20463438083551E+17,positive,"Congrats Ylianna Guerra for getting 1st runner up in the Miss USA Pageant!! http://t.co/RuYKAJg7iP"
6.20481943373615E+17,positive,"@HuffingtonPost whats her name standing back of miss usa and crowning her,she is cute and beautiful..may be more than miss usa"
